{
    "accuracy": 0.997095988213962,
    "precision": 0.3716216216216216,
    "recall": 0.32934131736526945,
    "f1_score": 0.3492063492063492,
    "roc_auc": 0.9751626459540984,
    "confusion_matrix": [
        [
            140664,
            186
        ],
        [
            224,
            110
        ]
    ],
    "true_positives": 110,
    "true_negatives": 140664,
    "false_positives": 186,
    "false_negatives": 224,
    "specificity": 0.9986794462193823,
    "classification_report": {
        "normal": {
            "precision": 0.9984100846062121,
            "recall": 0.9986794462193823,
            "f1-score": 0.9985447472474427,
            "support": 140850.0
        },
        "anomaly": {
            "precision": 0.3716216216216216,
            "recall": 0.32934131736526945,
            "f1-score": 0.3492063492063492,
            "support": 334.0
        },
        "accuracy": 0.997095988213962,
        "macro avg": {
            "precision": 0.6850158531139168,
            "recall": 0.6640103817923259,
            "f1-score": 0.6738755482268959,
            "support": 141184.0
        },
        "weighted avg": {
            "precision": 0.9969272866500921,
            "recall": 0.997095988213962,
            "f1-score": 0.9970086027484504,
            "support": 141184.0
        }
    },
    "model_type": "svc",
    "model_name": "svc_session_20260204_143226",
    "dataset": "session",
    "train_size": 329427,
    "test_size": 141184,
    "training_time": 0.6686570644378662,
    "feature_count": 127,
    "timestamp": "2026-02-04T14:32:26.004723"
}